<?xml version="1.0"?>
<ArrayOfAccountsModel xmlns:xsi="http://www.w3.org/2001/XMLSchema-instance" xmlns:xsd="http://www.w3.org/2001/XMLSchema">
  <AccountsModel>
    <Id>1</Id>
    <Num>101</Num>
    <SubNum>1</SubNum>
    <AnaliticalNum>0</AnaliticalNum>
    <PartidNum>0</PartidNum>
    <NameMain>Собствен капитал</NameMain>
    <NameMainEng>Own capital</NameMainEng>
    <NameSub>Магазин</NameSub>
    <NameSubEng>For Sale</NameSubEng>
    <TypeAccount>1</TypeAccount>
    <LevelAccount>1</LevelAccount>
    <TypeSaldo>1</TypeSaldo>
    <FirmaId>1</FirmaId>
  </AccountsModel>
  <AccountsModel>
    <Id>1</Id>
    <Num>101</Num>
    <SubNum>2</SubNum>
    <AnaliticalNum>0</AnaliticalNum>
    <PartidNum>0</PartidNum>
    <NameMain>Собствен капитал</NameMain>
    <NameMainEng>Own capital</NameMainEng>
    <NameSub>Магазин</NameSub>
    <NameSubEng>For Sale</NameSubEng>
    <TypeAccount>1</TypeAccount>
    <LevelAccount>2</LevelAccount>
    <TypeSaldo>1</TypeSaldo>
    <FirmaId>1</FirmaId>
  </AccountsModel>
  <AccountsModel>
    <Id>1</Id>
    <Num>101</Num>
    <SubNum>3</SubNum>
    <AnaliticalNum>0</AnaliticalNum>
    <PartidNum>0</PartidNum>
    <NameMain>Собствен капитал</NameMain>
    <NameMainEng>Own capital</NameMainEng>
    <NameSub>Магазин</NameSub>
    <NameSubEng>For Sale</NameSubEng>
    <TypeAccount>4</TypeAccount>
    <LevelAccount>2</LevelAccount>
    <TypeSaldo>2</TypeSaldo>
    <FirmaId>1</FirmaId>
  </AccountsModel>
</ArrayOfAccountsModel>