<?xml version="1.0"?>
<ArrayOfConectorAnaliticField xmlns:xsi="http://www.w3.org/2001/XMLSchema-instance" xmlns:xsd="http://www.w3.org/2001/XMLSchema">
  <ConectorAnaliticField>
    <Id>1</Id>
    <AnaliticalNameID>1</AnaliticalNameID>
    <AnaliticalFieldId>1</AnaliticalFieldId>
  </ConectorAnaliticField>
  <ConectorAnaliticField>
    <Id>2</Id>
    <AnaliticalNameID>1</AnaliticalNameID>
    <AnaliticalFieldId>2</AnaliticalFieldId>
  </ConectorAnaliticField>
  <ConectorAnaliticField>
    <Id>3</Id>
    <AnaliticalNameID>2</AnaliticalNameID>
    <AnaliticalFieldId>2</AnaliticalFieldId>
  </ConectorAnaliticField>
  <ConectorAnaliticField>
    <Id>4</Id>
    <AnaliticalNameID>3</AnaliticalNameID>
    <AnaliticalFieldId>1</AnaliticalFieldId>
  </ConectorAnaliticField>
  <ConectorAnaliticField>
    <Id>5</Id>
    <AnaliticalNameID>3</AnaliticalNameID>
    <AnaliticalFieldId>3</AnaliticalFieldId>
  </ConectorAnaliticField>
  <ConectorAnaliticField>
    <Id>6</Id>
    <AnaliticalNameID>4</AnaliticalNameID>
    <AnaliticalFieldId>1</AnaliticalFieldId>
  </ConectorAnaliticField>
  <ConectorAnaliticField>
    <Id>7</Id>
    <AnaliticalNameID>4</AnaliticalNameID>
    <AnaliticalFieldId>2</AnaliticalFieldId>
  </ConectorAnaliticField>
  <ConectorAnaliticField>
    <Id>8</Id>
    <AnaliticalNameID>4</AnaliticalNameID>
    <AnaliticalFieldId>3</AnaliticalFieldId>
  </ConectorAnaliticField>
  <ConectorAnaliticField>
    <Id>9</Id>
    <AnaliticalNameID>5</AnaliticalNameID>
    <AnaliticalFieldId>1</AnaliticalFieldId>
  </ConectorAnaliticField>
  <ConectorAnaliticField>
    <Id>10</Id>
    <AnaliticalNameID>5</AnaliticalNameID>
    <AnaliticalFieldId>4</AnaliticalFieldId>
  </ConectorAnaliticField>
  <ConectorAnaliticField>
    <Id>11</Id>
    <AnaliticalNameID>5</AnaliticalNameID>
    <AnaliticalFieldId>5</AnaliticalFieldId>
  </ConectorAnaliticField>
  <ConectorAnaliticField>
    <Id>12</Id>
    <AnaliticalNameID>6</AnaliticalNameID>
    <AnaliticalFieldId>1</AnaliticalFieldId>
  </ConectorAnaliticField>
  <ConectorAnaliticField>
    <Id>13</Id>
    <AnaliticalNameID>6</AnaliticalNameID>
    <AnaliticalFieldId>2</AnaliticalFieldId>
  </ConectorAnaliticField>
  <ConectorAnaliticField>
    <Id>14</Id>
    <AnaliticalNameID>6</AnaliticalNameID>
    <AnaliticalFieldId>4</AnaliticalFieldId>
  </ConectorAnaliticField>
  <ConectorAnaliticField>
    <Id>15</Id>
    <AnaliticalNameID>6</AnaliticalNameID>
    <AnaliticalFieldId>5</AnaliticalFieldId>
  </ConectorAnaliticField>
  <ConectorAnaliticField>
    <Id>16</Id>
    <AnaliticalNameID>7</AnaliticalNameID>
    <AnaliticalFieldId>1</AnaliticalFieldId>
  </ConectorAnaliticField>
</ArrayOfConectorAnaliticField>