<?xml version="1.0"?>
<ArrayOfFirmModel xmlns:xsi="http://www.w3.org/2001/XMLSchema-instance" xmlns:xsd="http://www.w3.org/2001/XMLSchema">
  <FirmModel>
    <Id>1</Id>
    <Name>Антон ЕООД</Name>
    <Bulstad>12121221</Bulstad>
    <DDSnum>433433334</DDSnum>
    <Address>Tran</Address>
    <Telefon>343322333</Telefon>
    <Presentor>Милен Таков</Presentor>
    <NameBoss>Антон Таков</NameBoss>
    <EGN>7310153783</EGN>
    <PresentorYN>Да</PresentorYN>
    <Names>Станка Такич</Names>
    <Tel>0898706435</Tel>
    <FirstName>Антон</FirstName>
    <SurName>Недялков</SurName>
    <LastName>Таков</LastName>
    <Address2>Pernik</Address2>
    <City>1</City>
    <City1>1</City1>
    <Country>2</Country>
  </FirmModel>
  <FirmModel>
    <Id>2</Id>
    <Name>Stanka ЕООД</Name>
    <Bulstad>12121221</Bulstad>
    <DDSnum>433433334</DDSnum>
    <Address>Tran</Address>
    <Telefon>343322333</Telefon>
    <Presentor>Милен Таков</Presentor>
    <NameBoss>Антон Таков</NameBoss>
    <EGN>7310153783</EGN>
    <PresentorYN>Да</PresentorYN>
    <Names>Станка Такич</Names>
    <Tel>0898706435</Tel>
    <FirstName>Антон</FirstName>
    <SurName>Недялков</SurName>
    <LastName>Таков</LastName>
    <Address2>Pernik</Address2>
    <City>1</City>
    <City1>2</City1>
    <Country>0</Country>
  </FirmModel>
  <FirmModel>
    <Id>1</Id>
    <Name>Бастун ЕООД</Name>
    <Bulstad>12121221</Bulstad>
    <DDSnum>433433334</DDSnum>
    <Address>Tran</Address>
    <Telefon>343322333</Telefon>
    <Presentor>Милен Таков</Presentor>
    <NameBoss>Антон Таков</NameBoss>
    <EGN>7310153783</EGN>
    <PresentorYN>Да</PresentorYN>
    <Names>Станка Такич</Names>
    <Tel>0898706435</Tel>
    <FirstName>Антон</FirstName>
    <SurName>Недялков</SurName>
    <LastName>Таков</LastName>
    <Address2>Pernik</Address2>
    <City>1</City>
    <City1>2</City1>
    <Country>0</Country>
  </FirmModel>
</ArrayOfFirmModel>