<?xml version="1.0"?>
<ArrayOfNomenclatureHedar xmlns:xsi="http://www.w3.org/2001/XMLSchema-instance" xmlns:xsd="http://www.w3.org/2001/XMLSchema">
  <NomenclatureHedar>
    <Id>1</Id>
    <Name>Клиенти</Name>
    <Description>Клиенти</Description>
  </NomenclatureHedar>
  <NomenclatureHedar>
    <Id>2</Id>
    <Name>Контрагенти</Name>
    <Description>Контрагенти</Description>
  </NomenclatureHedar>
  <NomenclatureHedar>
    <Id>3</Id>
    <Name>Доставчици</Name>
    <Description>Доставчици</Description>
  </NomenclatureHedar>
  <NomenclatureHedar>
    <Id>4</Id>
    <Name>Валута</Name>
    <Description>Валута</Description>
  </NomenclatureHedar>
  <NomenclatureHedar>
    <Id>5</Id>
    <Name>Материали</Name>
    <Description>Материали</Description>
  </NomenclatureHedar>
</ArrayOfNomenclatureHedar>