<?xml version="1.0"?>
<ArrayOfNomeclatureMetaData xmlns:xsi="http://www.w3.org/2001/XMLSchema-instance" xmlns:xsd="http://www.w3.org/2001/XMLSchema">
  <NomeclatureMetaData>
    <Id>1</Id>
    <Name>Булстат</Name>
    <Description>Булстат</Description>
    <Type>string</Type>
  </NomeclatureMetaData>
  <NomeclatureMetaData>
    <Id>2</Id>
    <Name>Сума лева</Name>
    <Description>Сума лева</Description>
    <Type>money</Type>
  </NomeclatureMetaData>
  <NomeclatureMetaData>
    <Id>3</Id>
    <Name>Сума валута</Name>
    <Description>Сума валута</Description>
    <Type>money</Type>
  </NomeclatureMetaData>
  <NomeclatureMetaData>
    <Id>4</Id>
    <Name>ДДС Номер</Name>
    <Description>ДДС Номер</Description>
    <Type>string</Type>
  </NomeclatureMetaData>
  <NomeclatureMetaData>
    <Id>5</Id>
    <Name>Град</Name>
    <Description>Град</Description>
    <Type>string</Type>
  </NomeclatureMetaData>
  <NomeclatureMetaData>
    <Id>6</Id>
    <Name>Банкова сметка</Name>
    <Description>Банкова сметка</Description>
    <Type>money</Type>
  </NomeclatureMetaData>
  <NomeclatureMetaData>
    <Id>7</Id>
    <Name>Номер</Name>
    <Description>Номер</Description>
    <Type>int</Type>
  </NomeclatureMetaData>
  <NomeclatureMetaData>
    <Id>8</Id>
    <Name>Адрес</Name>
    <Description>Адрес</Description>
    <Type>string</Type>
  </NomeclatureMetaData>
  <NomeclatureMetaData>
    <Id>9</Id>
    <Name>Единична цена лева</Name>
    <Description>Единична цена лева</Description>
    <Type>string</Type>
  </NomeclatureMetaData>
  <NomeclatureMetaData>
    <Id>10</Id>
    <Name>Единична цена валута</Name>
    <Description>Единична цена валута</Description>
    <Type>string</Type>
  </NomeclatureMetaData>
</ArrayOfNomeclatureMetaData>