<?xml version="1.0" encoding="utf-8"?>
<dgf_root>
  <table>
    <name>"accounts"</name>
    <records>0</records>
  </table>
  <table>
    <name>"analiticalaccount"</name>
    <records>200</records>
  </table>
  <table>
    <name>"analiticalaccounttype"</name>
    <records>200</records>
  </table>
  <table>
    <name>"analiticalfields"</name>
    <records>200</records>
  </table>
  <table>
    <name>"cartotecacredit"</name>
    <records>0</records>
  </table>
  <table>
    <name>"cartotecadebit"</name>
    <records>0</records>
  </table>
  <table>
    <name>"cities"</name>
    <records>200</records>
  </table>
  <table>
    <name>"conectoranaliticfield"</name>
    <records>200</records>
  </table>
  <table>
    <name>"conto"</name>
    <records>0</records>
  </table>
  <table>
    <name>"countries"</name>
    <records>200</records>
  </table>
  <table>
    <name>"firm"</name>
    <records>1</records>
  </table>
  <table>
    <name>"lookups"</name>
    <records>200</records>
  </table>
  <table>
    <name>"lookupsdetails"</name>
    <records>200</records>
  </table>
  <table>
    <name>"lookupsfield"</name>
    <records>200</records>
  </table>
  <table>
    <name>"na"</name>
    <records>200</records>
  </table>
  <table>
    <name>"nom_10"</name>
    <records>200</records>
  </table>
  <table>
    <name>"nom_11"</name>
    <records>200</records>
  </table>
  <table>
    <name>"nom_12"</name>
    <records>200</records>
  </table>
  <table>
    <name>"nom_14"</name>
    <records>200</records>
  </table>
  <table>
    <name>"nom_15"</name>
    <records>200</records>
  </table>
  <table>
    <name>"nom_16"</name>
    <records>200</records>
  </table>
  <table>
    <name>"nom_17"</name>
    <records>200</records>
  </table>
  <table>
    <name>"nom_19"</name>
    <records>200</records>
  </table>
  <table>
    <name>"nom_20"</name>
    <records>200</records>
  </table>
  <table>
    <name>"nom_21"</name>
    <records>200</records>
  </table>
  <table>
    <name>"nom_22"</name>
    <records>200</records>
  </table>
  <table>
    <name>"nom_23"</name>
    <records>200</records>
  </table>
  <table>
    <name>"nom_7"</name>
    <records>200</records>
  </table>
  <table>
    <name>"nom_8"</name>
    <records>200</records>
  </table>
  <table>
    <name>"nom_9"</name>
    <records>200</records>
  </table>
  <table>
    <name>"nomenclatures"</name>
    <records>200</records>
  </table>
  <table>
    <name>"sysfield"</name>
    <records>200</records>
  </table>
  <table>
    <name>"syslookups"</name>
    <records>200</records>
  </table>
  <table>
    <name>"syslookupsdetails"</name>
    <records>200</records>
  </table>
  <table>
    <name>CONTOMOVEMENT</name>
    <records>0</records>
  </table>
  <table>
    <name>DDSDNEV</name>
    <records>200</records>
  </table>
  <table>
    <name>DDSDNEVFIELDS</name>
    <records>200</records>
  </table>
  <table>
    <name>DDSDNEVSELLSFIELDS</name>
    <records>200</records>
  </table>
  <table>
    <name>DDSDNEVTOFIELDS</name>
    <records>200</records>
  </table>
  <table>
    <name>FIRMANALITICACCOUNTS</name>
    <records>0</records>
  </table>
  <table>
    <name>LOOLUPTOLOOKUP</name>
    <records>200</records>
  </table>
  <table>
    <name>MAINACCOUNTS</name>
    <records>0</records>
  </table>
  <table>
    <name>MAPACCTOLOOKUP</name>
    <records>200</records>
  </table>
  <table>
    <name>MAPLOOKUPTOLOOKUP</name>
    <records>200</records>
  </table>
  <table>
    <name>MOVEMENT</name>
    <records>0</records>
  </table>
  <table>
    <name>MOVEMENTTOACC</name>
    <records>200</records>
  </table>
  <table>
    <name>MPATYPETOAFIELD</name>
    <records>200</records>
  </table>
  <table>
    <name>SALDOS</name>
    <records>0</records>
  </table>
  <table>
    <name>SUBACCOUNTS</name>
    <records>0</records>
  </table>
  <column>
    <name>DDSDNEV.BRANCH</name>
    <valueType>1</valueType>
    <range>50[az,AZ]</range>
    <randomValues>1</randomValues>
    <nullPercent>50</nullPercent>
  </column>
  <column>
    <name>DDSDNEV.BULSTAD</name>
    <valueType>1</valueType>
    <range>20[az,AZ]</range>
    <randomValues>1</randomValues>
    <nullPercent>50</nullPercent>
  </column>
  <column>
    <name>DDSDNEV.CODEDOC</name>
    <valueType>1</valueType>
    <range>2[az,AZ]</range>
    <randomValues>1</randomValues>
    <nullPercent>0</nullPercent>
  </column>
  <column>
    <name>DDSDNEV.DATADOC</name>
    <valueType>1</valueType>
    <range>01.01.1980-31.12.2005</range>
    <randomValues>1</randomValues>
    <nullPercent>50</nullPercent>
  </column>
  <column>
    <name>DDSDNEV.DDSSUMA</name>
    <valueType>1</valueType>
    <range>0-2000000</range>
    <randomValues>1</randomValues>
    <nullPercent>0</nullPercent>
  </column>
  <column>
    <name>DDSDNEV.DOCN</name>
    <valueType>1</valueType>
    <range>20[az,AZ]</range>
    <randomValues>1</randomValues>
    <nullPercent>50</nullPercent>
  </column>
  <column>
    <name>DDSDNEV.ID</name>
    <valueType>1</valueType>
    <range>0-2000000</range>
    <randomValues>0</randomValues>
    <nullPercent>0</nullPercent>
  </column>
  <column>
    <name>DDSDNEV.KINDACTIVITY</name>
    <valueType>1</valueType>
    <range>0-2000000</range>
    <randomValues>1</randomValues>
    <nullPercent>50</nullPercent>
  </column>
  <column>
    <name>DDSDNEV.KINDDOC</name>
    <valueType>1</valueType>
    <range>0-2000000</range>
    <randomValues>1</randomValues>
    <nullPercent>50</nullPercent>
  </column>
  <column>
    <name>DDSDNEV.LOOKUPELEMENTID</name>
    <valueType>1</valueType>
    <range>0-2000000</range>
    <randomValues>1</randomValues>
    <nullPercent>50</nullPercent>
  </column>
  <column>
    <name>DDSDNEV.LOOKUPID</name>
    <valueType>1</valueType>
    <range>0-2000000</range>
    <randomValues>1</randomValues>
    <nullPercent>50</nullPercent>
  </column>
  <column>
    <name>DDSDNEV.NAMEKONTR</name>
    <valueType>1</valueType>
    <range>50[az,AZ]</range>
    <randomValues>1</randomValues>
    <nullPercent>0</nullPercent>
  </column>
  <column>
    <name>DDSDNEV.NOM</name>
    <valueType>1</valueType>
    <range>0-2000000</range>
    <randomValues>1</randomValues>
    <nullPercent>50</nullPercent>
  </column>
  <column>
    <name>DDSDNEV.NZDDS</name>
    <valueType>1</valueType>
    <range>20[az,AZ]</range>
    <randomValues>1</randomValues>
    <nullPercent>50</nullPercent>
  </column>
  <column>
    <name>DDSDNEV.STOKE</name>
    <valueType>1</valueType>
    <range>50[az,AZ]</range>
    <randomValues>1</randomValues>
    <nullPercent>50</nullPercent>
  </column>
  <column>
    <name>DDSDNEV.SUMA</name>
    <valueType>1</valueType>
    <range>0-2000000</range>
    <randomValues>1</randomValues>
    <nullPercent>0</nullPercent>
  </column>
  <column>
    <name>DDSDNEVFIELDS.CODE</name>
    <valueType>1</valueType>
    <range>10[az,AZ]</range>
    <randomValues>1</randomValues>
    <nullPercent>50</nullPercent>
  </column>
  <column>
    <name>DDSDNEVFIELDS.DDSPERCENT</name>
    <valueType>1</valueType>
    <range>0-2000000</range>
    <randomValues>1</randomValues>
    <nullPercent>50</nullPercent>
  </column>
  <column>
    <name>DDSDNEVFIELDS.ID</name>
    <valueType>1</valueType>
    <range>0-2000000</range>
    <randomValues>0</randomValues>
    <nullPercent>0</nullPercent>
  </column>
  <column>
    <name>DDSDNEVFIELDS.NAME</name>
    <valueType>1</valueType>
    <range>1000[az,AZ]</range>
    <randomValues>1</randomValues>
    <nullPercent>50</nullPercent>
  </column>
  <column>
    <name>DDSDNEVSELLSFIELDS.CODE</name>
    <valueType>1</valueType>
    <range>10[az,AZ]</range>
    <randomValues>1</randomValues>
    <nullPercent>50</nullPercent>
  </column>
  <column>
    <name>DDSDNEVSELLSFIELDS.DDSPERCENT</name>
    <valueType>1</valueType>
    <range>0-2000000</range>
    <randomValues>1</randomValues>
    <nullPercent>50</nullPercent>
  </column>
  <column>
    <name>DDSDNEVSELLSFIELDS.ID</name>
    <valueType>1</valueType>
    <range>0-2000000</range>
    <randomValues>0</randomValues>
    <nullPercent>0</nullPercent>
  </column>
  <column>
    <name>DDSDNEVSELLSFIELDS.NAME</name>
    <valueType>1</valueType>
    <range>1000[az,AZ]</range>
    <randomValues>1</randomValues>
    <nullPercent>50</nullPercent>
  </column>
</dgf_root>
